{
  "num_files": 71,
  "num_steps": 65917,
  "best_alignment": "next",
  "same": {
    "global_mean_abs_diff": 0.0023445819545526263,
    "global_max_abs_diff": 0.08045172691345215,
    "per_dim_mean_abs_diff": [
      0.0007653696976260389,
      0.002565046554467743,
      0.00215185607454594,
      0.0008369986515107957,
      0.0010422576621624898,
      0.0008536360582911907,
      0.006210706255571471,
      0.001687737430080778,
      0.003918362041428075,
      0.0027773976750980547,
      0.0010665841906431356,
      0.0014672558405703256,
      0.0008753502197302662,
      0.0066055890120104615
    ],
    "per_dim_max_abs_diff": [
      0.056413888931274414,
      0.05723381042480469,
      0.07924807071685791,
      0.05076204240322113,
      0.04453456401824951,
      0.06232741102576256,
      0.049800001084804535,
      0.047168582677841187,
      0.0641939640045166,
      0.08045172691345215,
      0.04010375589132309,
      0.07254964113235474,
      0.04048752039670944,
      0.041099999099969864
    ]
  },
  "next": {
    "global_mean_abs_diff": 0.0009006630583410013,
    "global_max_abs_diff": 0.049800001084804535,
    "per_dim_mean_abs_diff": [
      0.0,
      0.0,
      0.0,
      0.0,
      0.0,
      0.0,
      0.0061705088849324475,
      0.0,
      0.0,
      0.0,
      0.0,
      0.0,
      0.0,
      0.00643877393184157
    ],
    "per_dim_max_abs_diff": [
      0.0,
      0.0,
      0.0,
      0.0,
      0.0,
      0.0,
      0.049800001084804535,
      0.0,
      0.0,
      0.0,
      0.0,
      0.0,
      0.0,
      0.041099999099969864
    ]
  },
  "prev": {
    "global_mean_abs_diff": 0.003789152462995444,
    "global_max_abs_diff": 0.13674354553222656,
    "per_dim_mean_abs_diff": [
      0.0015320063064589563,
      0.005134309000418998,
      0.004306227342618162,
      0.0016712114408160097,
      0.0020798734959161856,
      0.0017050762914515597,
      0.006263700452844597,
      0.003378446382468647,
      0.00784348378446359,
      0.005559256371332795,
      0.0021206619647345594,
      0.0029246987688350593,
      0.0017437491375508613,
      0.006785433742026239
    ],
    "per_dim_max_abs_diff": [
      0.09984949231147766,
      0.0949476957321167,
      0.1193169355392456,
      0.07912598550319672,
      0.07919573783874512,
      0.09784339368343353,
      0.06050000339746475,
      0.08017262816429138,
      0.11038565635681152,
      0.13674354553222656,
      0.06499634683132172,
      0.12027639150619507,
      0.06663607805967331,
      0.04350000247359276
    ]
  },
  "bad_files": []
}
