{
  "num_files": 71,
  "num_steps": 65917,
  "action_mean": [
    -0.46583735124188863,
    1.432993662639995,
    -1.0364532402785822,
    0.022623597599742817,
    1.0913596955209721,
    0.08118543025445535,
    0.05143040627016861,
    0.43488785282137044,
    1.545306787114754,
    -1.309638172845169,
    0.06558934418931008,
    1.126789762749462,
    0.013122652377164661,
    0.03789408200657002
  ],
  "action_std": [
    0.13629837768367326,
    0.29449783809950847,
    0.3331342548694906,
    0.09060441279783514,
    0.11500189937489083,
    0.12288273175614932,
    0.022520028574668612,
    0.1460463077997203,
    0.47804106619432,
    0.5255308554150485,
    0.07567059407936427,
    0.1125176790941317,
    0.09895767154020803,
    0.02287884713077553
  ],
  "action_min": [
    -0.7464985251426697,
    0.5993409752845764,
    -1.998977780342102,
    -0.3060724139213562,
    0.66883784532547,
    -0.3932400941848755,
    -0.005799999926239252,
    0.09676186740398407,
    0.854965329170227,
    -2.2580385208129883,
    -0.20426924526691437,
    0.6320310235023499,
    -0.32138824462890625,
    -0.0035000001080334187
  ],
  "action_max": [
    -0.12095669656991959,
    2.1204752922058105,
    -0.6353628039360046,
    0.4025202989578247,
    1.2315987348556519,
    0.42500561475753784,
    0.08070000261068344,
    0.6975506544113159,
    2.4567954540252686,
    -0.588595449924469,
    0.2802029848098755,
    1.2326802015304565,
    0.41314369440078735,
    0.0737999975681305
  ],
  "action_p01": [
    -0.7464985251426697,
    0.91924649477005,
    -1.9016625785827637,
    -0.19497159123420715,
    0.8174607157707214,
    -0.21546828746795654,
    -0.004999999888241291,
    0.1287192702293396,
    0.857128381729126,
    -2.123772144317627,
    -0.11438240200281144,
    0.7859352254867553,
    -0.19293063879013062,
    -0.003100000089034438
  ],
  "action_p99": [
    -0.13712728023529053,
    2.073201894760132,
    -0.7107906937599182,
    0.2220272272825241,
    1.2257026433944702,
    0.3751157820224762,
    0.0794999971985817,
    0.6754491329193115,
    2.3872463703155518,
    -0.651027500629425,
    0.24364034831523895,
    1.2286680936813354,
    0.3666031062602997,
    0.06530000269412994
  ],
  "qpos_mean": [
    -0.46583502138677524,
    1.4333403596550067,
    -1.0365196543459858,
    0.022599136780408917,
    1.0912454517015306,
    0.08141856357172227,
    0.057092631688967936,
    0.4348975429933482,
    1.545409902194436,
    -1.3096028939801654,
    0.06556888704608795,
    1.126770174413626,
    0.013019190352576345,
    0.04373771876088757
  ],
  "qpos_std": [
    0.1363054067441258,
    0.2940983595997739,
    0.3330866731622792,
    0.09060928816294549,
    0.11499131470707873,
    0.12276329208038193,
    0.009690712575947388,
    0.14604395844180545,
    0.47793457108496123,
    0.525559130638517,
    0.07566872409636236,
    0.11253926358145304,
    0.09898626694624033,
    0.01430287291439724
  ],
  "qpos_min": [
    -0.7464985251426697,
    0.5993409752845764,
    -1.998977780342102,
    -0.3060724139213562,
    0.66883784532547,
    -0.3932400941848755,
    0.011900000274181366,
    0.09676186740398407,
    0.854965329170227,
    -2.2580385208129883,
    -0.20426924526691437,
    0.6320310235023499,
    -0.32138824462890625,
    0.009200000204145908
  ],
  "qpos_max": [
    -0.12095669656991959,
    2.1204752922058105,
    -0.6369327902793884,
    0.4025202989578247,
    1.2315987348556519,
    0.42500561475753784,
    0.08030000329017639,
    0.6975506544113159,
    2.4567954540252686,
    -0.588595449924469,
    0.2802029848098755,
    1.2326802015304565,
    0.41314369440078735,
    0.0729999989271164
  ],
  "qvel_mean": [
    1.157515853717904e-05,
    -0.009459046993867357,
    0.002187311322135002,
    0.0008779374156765514,
    0.0033625923539291804,
    -0.006466677786644502,
    0.0,
    -0.0007472579230364357,
    -0.0036310208080671752,
    -0.00045373728919640295,
    0.000498217448550803,
    0.0009017248934903359,
    0.002744238971774194,
    0.0
  ],
  "qvel_std": [
    0.09354292285438687,
    0.1743345192475759,
    0.17041840429916777,
    0.08769240235428098,
    0.09435124440643446,
    0.08682744980113791,
    0.0,
    0.12930807436251007,
    0.20015311067051192,
    0.20929577304298957,
    0.08720689951348326,
    0.1342629854127948,
    0.08582491175442698,
    0.0
  ],
  "qvel_min": [
    -0.8230000138282776,
    -1.215999960899353,
    -0.9399999976158142,
    -0.9990000128746033,
    -0.7300000190734863,
    -1.125,
    0.0,
    -0.7580000162124634,
    -0.9449999928474426,
    -1.1160000562667847,
    -0.8339999914169312,
    -0.878000020980835,
    -0.9430000185966492,
    0.0
  ],
  "qvel_max": [
    0.9620000123977661,
    0.9100000262260437,
    1.2239999771118164,
    1.0180000066757202,
    0.9520000219345093,
    1.0729999542236328,
    0.0,
    0.7519999742507935,
    0.9480000138282776,
    1.4559999704360962,
    0.9599999785423279,
    1.2230000495910645,
    0.9909999966621399,
    0.0
  ],
  "episode_length_min": 738,
  "episode_length_max": 1244,
  "episode_length_mean": 928.4084507042254,
  "left_gripper_min": -0.005799999926239252,
  "left_gripper_max": 0.08070000261068344,
  "right_gripper_min": -0.0035000001080334187,
  "right_gripper_max": 0.0737999975681305,
  "bad_files": []
}
